﻿<?xml version="1.0" encoding="utf-8"?>
<Session SID="20" BitFlags="59">
  <SessionTimers ClientConnected="2022-11-08T17:16:46.7886398+01:00" ClientBeginRequest="2022-11-08T17:16:46.8456056+01:00" GotRequestHeaders="2022-11-08T17:16:46.8456056+01:00" ClientDoneRequest="2022-11-08T17:16:46.8456056+01:00" GatewayTime="0" DNSTime="0" TCPConnectTime="0" HTTPSHandshakeTime="0" ServerConnected="2022-11-08T17:16:46.8116399+01:00" FiddlerBeginRequest="2022-11-08T17:16:46.8456056+01:00" ServerGotRequest="2022-11-08T17:16:46.8456056+01:00" ServerBeginResponse="2022-11-08T17:16:46.867593+01:00" GotResponseHeaders="2022-11-08T17:16:46.868593+01:00" ServerDoneResponse="2022-11-08T17:16:46.868593+01:00" ClientBeginResponse="2022-11-08T17:16:46.868593+01:00" ClientDoneResponse="2022-11-08T17:16:46.868593+01:00" />
  <PipeInfo Streamed="true" CltReuse="true" Reused="true" />
  <SessionFlags>
    <SessionFlag N="x-egressport" V="62609" />
    <SessionFlag N="x-responsebodytransferlength" V="2" />
    <SessionFlag N="x-clientport" V="62608" />
    <SessionFlag N="x-clientip" V="127.0.0.1" />
    <SessionFlag N="x-serversocket" V="REUSE ServerPipe#19" />
    <SessionFlag N="x-hostip" V="2a00:1450:4007:80e::200e" />
    <SessionFlag N="x-processinfo" V="chrome:10468" />
  </SessionFlags>
</Session>