﻿<?xml version="1.0" encoding="utf-8"?>
<Session SID="77" BitFlags="59">
  <SessionTimers ClientConnected="2022-11-08T17:16:44.4976191+01:00" ClientBeginRequest="2022-11-08T17:16:55.8080394+01:00" GotRequestHeaders="2022-11-08T17:16:55.8080394+01:00" ClientDoneRequest="2022-11-08T17:16:55.8080394+01:00" GatewayTime="0" DNSTime="0" TCPConnectTime="0" HTTPSHandshakeTime="0" ServerConnected="2022-11-08T17:16:44.9262371+01:00" FiddlerBeginRequest="2022-11-08T17:16:55.8080394+01:00" ServerGotRequest="2022-11-08T17:16:55.8080394+01:00" ServerBeginResponse="2022-11-08T17:16:57.3757609+01:00" GotResponseHeaders="2022-11-08T17:16:57.3757609+01:00" ServerDoneResponse="2022-11-08T17:16:57.3757609+01:00" ClientBeginResponse="2022-11-08T17:16:57.3757609+01:00" ClientDoneResponse="2022-11-08T17:16:57.3757609+01:00" />
  <PipeInfo Streamed="true" CltReuse="true" Reused="true" />
  <SessionFlags>
    <SessionFlag N="x-egressport" V="62607" />
    <SessionFlag N="x-responsebodytransferlength" V="0" />
    <SessionFlag N="x-clientport" V="62603" />
    <SessionFlag N="x-clientip" V="127.0.0.1" />
    <SessionFlag N="x-serversocket" V="REUSE ServerPipe#14" />
    <SessionFlag N="x-hostip" V="162.247.241.14" />
    <SessionFlag N="x-processinfo" V="chrome:10468" />
  </SessionFlags>
</Session>