﻿<?xml version="1.0" encoding="utf-8"?>
<Session SID="129" BitFlags="59">
  <SessionTimers ClientConnected="2022-11-08T17:17:07.2577622+01:00" ClientBeginRequest="2022-11-08T17:17:12.8365471+01:00" GotRequestHeaders="2022-11-08T17:17:12.8365471+01:00" ClientDoneRequest="2022-11-08T17:17:12.8365471+01:00" GatewayTime="0" DNSTime="0" TCPConnectTime="0" HTTPSHandshakeTime="0" ServerConnected="2022-11-08T17:17:10.7838334+01:00" FiddlerBeginRequest="2022-11-08T17:17:12.8375576+01:00" ServerGotRequest="2022-11-08T17:17:12.8375576+01:00" ServerBeginResponse="2022-11-08T17:17:13.0185395+01:00" GotResponseHeaders="2022-11-08T17:17:13.0185395+01:00" ServerDoneResponse="2022-11-08T17:17:13.0185395+01:00" ClientBeginResponse="2022-11-08T17:17:13.0185395+01:00" ClientDoneResponse="2022-11-08T17:17:13.0185395+01:00" />
  <PipeInfo Streamed="true" CltReuse="true" Reused="true" />
  <SessionFlags>
    <SessionFlag N="x-egressport" V="62050" />
    <SessionFlag N="x-responsebodytransferlength" V="358" />
    <SessionFlag N="x-clientport" V="62047" />
    <SessionFlag N="x-clientip" V="127.0.0.1" />
    <SessionFlag N="x-serversocket" V="REUSE ServerPipe#116" />
    <SessionFlag N="x-hostip" V="35.71.190.20" />
    <SessionFlag N="x-processinfo" V="chrome:10468" />
  </SessionFlags>
</Session>