﻿<?xml version="1.0" encoding="utf-8"?>
<Session SID="3" BitFlags="59">
  <SessionTimers ClientConnected="2022-11-12T20:16:39.1514665+01:00" ClientBeginRequest="2022-11-12T20:16:39.5782683+01:00" GotRequestHeaders="2022-11-12T20:16:39.5782683+01:00" ClientDoneRequest="2022-11-12T20:16:39.5782683+01:00" GatewayTime="0" DNSTime="0" TCPConnectTime="0" HTTPSHandshakeTime="0" ServerConnected="2022-11-12T20:16:39.1884448+01:00" FiddlerBeginRequest="2022-11-12T20:16:39.5782683+01:00" ServerGotRequest="2022-11-12T20:16:39.5792668+01:00" ServerBeginResponse="2022-11-12T20:16:40.1687879+01:00" GotResponseHeaders="2022-11-12T20:16:40.1727852+01:00" ServerDoneResponse="2022-11-12T20:16:40.1947727+01:00" ClientBeginResponse="2022-11-12T20:16:40.1727852+01:00" ClientDoneResponse="2022-11-12T20:16:40.1947727+01:00" />
  <PipeInfo Streamed="true" CltReuse="true" Reused="true" />
  <SessionFlags>
    <SessionFlag N="x-egressport" V="51058" />
    <SessionFlag N="x-responsebodytransferlength" V="25,909" />
    <SessionFlag N="x-clientport" V="51057" />
    <SessionFlag N="ui-bold" V="user-marked" />
    <SessionFlag N="x-clientip" V="127.0.0.1" />
    <SessionFlag N="ui-oldcolor" V="Blue" />
    <SessionFlag N="x-serversocket" V="REUSE ServerPipe#1" />
    <SessionFlag N="x-hostip" V="2606:4700::6812:6528" />
    <SessionFlag N="ui-color" V="Purple" />
    <SessionFlag N="x-processinfo" V="python:19828" />
    <SessionFlag N="ui-comments" V="CBVB" />
  </SessionFlags>
</Session>