﻿<?xml version="1.0" encoding="utf-8"?>
<Session SID="6" BitFlags="59">
  <SessionTimers ClientConnected="2022-11-12T20:16:40.7404585+01:00" ClientBeginRequest="2022-11-12T20:16:40.8463993+01:00" GotRequestHeaders="2022-11-12T20:16:40.8463993+01:00" ClientDoneRequest="2022-11-12T20:16:40.8463993+01:00" GatewayTime="0" DNSTime="0" TCPConnectTime="0" HTTPSHandshakeTime="0" ServerConnected="2022-11-12T20:16:40.7844326+01:00" FiddlerBeginRequest="2022-11-12T20:16:40.8463993+01:00" ServerGotRequest="2022-11-12T20:16:40.8463993+01:00" ServerBeginResponse="2022-11-12T20:16:41.0852616+01:00" GotResponseHeaders="2022-11-12T20:16:41.0852616+01:00" ServerDoneResponse="2022-11-12T20:16:41.0852616+01:00" ClientBeginResponse="2022-11-12T20:16:41.0852616+01:00" ClientDoneResponse="2022-11-12T20:16:41.0852616+01:00" />
  <PipeInfo Streamed="true" CltReuse="true" Reused="true" />
  <SessionFlags>
    <SessionFlag N="x-egressport" V="51060" />
    <SessionFlag N="x-responsebodytransferlength" V="1,723" />
    <SessionFlag N="x-clientport" V="51059" />
    <SessionFlag N="ui-bold" V="user-marked" />
    <SessionFlag N="x-clientip" V="127.0.0.1" />
    <SessionFlag N="ui-oldcolor" V="WindowText" />
    <SessionFlag N="x-serversocket" V="REUSE ServerPipe#5" />
    <SessionFlag N="x-hostip" V="18.164.52.49" />
    <SessionFlag N="ui-color" V="Purple" />
    <SessionFlag N="x-processinfo" V="python:19828" />
    <SessionFlag N="ui-comments" V="CBVB" />
  </SessionFlags>
</Session>