﻿<?xml version="1.0" encoding="utf-8"?>
<Session SID="9" BitFlags="40019">
  <SessionTimers ClientConnected="2022-11-12T20:16:41.3441205+01:00" ClientBeginRequest="2022-11-12T20:16:41.4180695+01:00" GotRequestHeaders="2022-11-12T20:16:41.4180695+01:00" ClientDoneRequest="2022-11-12T20:16:41.4180695+01:00" GatewayTime="0" DNSTime="0" TCPConnectTime="0" HTTPSHandshakeTime="0" ServerConnected="2022-11-12T20:16:41.3631005+01:00" FiddlerBeginRequest="2022-11-12T20:16:41.4180695+01:00" ServerGotRequest="2022-11-12T20:16:41.4180695+01:00" ServerBeginResponse="2022-11-12T20:16:41.8678068+01:00" GotResponseHeaders="2022-11-12T20:16:41.8688074+01:00" ServerDoneResponse="2022-11-12T20:18:08.5204524+01:00" ClientBeginResponse="2022-11-12T20:18:08.5204524+01:00" ClientDoneResponse="2022-11-12T20:18:08.5204524+01:00" />
  <PipeInfo CltReuse="true" Reused="true" />
  <SessionFlags>
    <SessionFlag N="x-egressport" V="51063" />
    <SessionFlag N="x-responsebodytransferlength" V="0" />
    <SessionFlag N="x-clientport" V="51062" />
    <SessionFlag N="ui-bold" V="user-marked" />
    <SessionFlag N="x-clientip" V="127.0.0.1" />
    <SessionFlag N="ui-oldcolor" V="WindowText" />
    <SessionFlag N="x-serversocket" V="REUSE ServerPipe#8" />
    <SessionFlag N="x-hostip" V="2606:4700::6813:f253" />
    <SessionFlag N="ui-color" V="Purple" />
    <SessionFlag N="x-processinfo" V="python:19828" />
    <SessionFlag N="ui-comments" V="CBVB" />
  </SessionFlags>
</Session>