﻿<?xml version="1.0" encoding="utf-8"?>
<Session SID="30" BitFlags="59">
  <SessionTimers ClientConnected="2022-11-12T20:18:22.283137+01:00" ClientBeginRequest="2022-11-12T20:18:22.3321059+01:00" GotRequestHeaders="2022-11-12T20:18:22.3321059+01:00" ClientDoneRequest="2022-11-12T20:18:22.3321059+01:00" GatewayTime="0" DNSTime="0" TCPConnectTime="0" HTTPSHandshakeTime="0" ServerConnected="2022-11-12T20:18:22.305121+01:00" FiddlerBeginRequest="2022-11-12T20:18:22.3321059+01:00" ServerGotRequest="2022-11-12T20:18:22.3321059+01:00" ServerBeginResponse="2022-11-12T20:18:22.3770826+01:00" GotResponseHeaders="2022-11-12T20:18:22.3770826+01:00" ServerDoneResponse="2022-11-12T20:18:22.3770826+01:00" ClientBeginResponse="2022-11-12T20:18:22.3770826+01:00" ClientDoneResponse="2022-11-12T20:18:22.3770826+01:00" />
  <PipeInfo Streamed="true" CltReuse="true" Reused="true" />
  <SessionFlags>
    <SessionFlag N="x-egressport" V="51096" />
    <SessionFlag N="x-responsebodytransferlength" V="2" />
    <SessionFlag N="x-clientport" V="51095" />
    <SessionFlag N="x-clientip" V="127.0.0.1" />
    <SessionFlag N="ui-oldcolor" V="WindowText" />
    <SessionFlag N="x-serversocket" V="REUSE ServerPipe#26" />
    <SessionFlag N="x-hostip" V="2a00:1450:4007:819::200e" />
    <SessionFlag N="x-processinfo" V="chrome:10524" />
  </SessionFlags>
</Session>