﻿<?xml version="1.0" encoding="utf-8"?>
<Session SID="45" BitFlags="59">
  <SessionTimers ClientConnected="2022-11-12T20:18:22.6299346+01:00" ClientBeginRequest="2022-11-12T20:18:22.6759082+01:00" GotRequestHeaders="2022-11-12T20:18:22.6759082+01:00" ClientDoneRequest="2022-11-12T20:18:22.6759082+01:00" GatewayTime="0" DNSTime="0" TCPConnectTime="0" HTTPSHandshakeTime="0" ServerConnected="2022-11-12T20:18:22.6459254+01:00" FiddlerBeginRequest="2022-11-12T20:18:22.6759082+01:00" ServerGotRequest="2022-11-12T20:18:22.6759082+01:00" ServerBeginResponse="2022-11-12T20:18:22.8313913+01:00" GotResponseHeaders="2022-11-12T20:18:22.8323903+01:00" ServerDoneResponse="2022-11-12T20:18:22.8323903+01:00" ClientBeginResponse="2022-11-12T20:18:22.8323903+01:00" ClientDoneResponse="2022-11-12T20:18:22.8323903+01:00" />
  <PipeInfo Streamed="true" CltReuse="true" Reused="true" />
  <SessionFlags>
    <SessionFlag N="x-egressport" V="51105" />
    <SessionFlag N="x-responsebodytransferlength" V="85" />
    <SessionFlag N="x-clientport" V="51103" />
    <SessionFlag N="x-clientip" V="127.0.0.1" />
    <SessionFlag N="ui-oldcolor" V="WindowText" />
    <SessionFlag N="x-serversocket" V="REUSE ServerPipe#42" />
    <SessionFlag N="x-hostip" V="2606:4700::6813:f253" />
    <SessionFlag N="x-processinfo" V="chrome:10524" />
  </SessionFlags>
</Session>