﻿<?xml version="1.0" encoding="utf-8"?>
<Session SID="49" BitFlags="59">
  <SessionTimers ClientConnected="2022-11-12T20:18:20.9723389+01:00" ClientBeginRequest="2022-11-12T20:18:22.7438683+01:00" GotRequestHeaders="2022-11-12T20:18:22.7448679+01:00" ClientDoneRequest="2022-11-12T20:18:22.7448679+01:00" GatewayTime="0" DNSTime="0" TCPConnectTime="0" HTTPSHandshakeTime="0" ServerConnected="2022-11-12T20:18:20.9943374+01:00" FiddlerBeginRequest="2022-11-12T20:18:22.7448679+01:00" ServerGotRequest="2022-11-12T20:18:22.7448679+01:00" ServerBeginResponse="2022-11-12T20:18:22.9530837+01:00" GotResponseHeaders="2022-11-12T20:18:22.9537104+01:00" ServerDoneResponse="2022-11-12T20:18:22.9537104+01:00" ClientBeginResponse="2022-11-12T20:18:22.9537104+01:00" ClientDoneResponse="2022-11-12T20:18:22.9537104+01:00" />
  <PipeInfo Streamed="true" CltReuse="true" Reused="true" />
  <SessionFlags>
    <SessionFlag N="x-egressport" V="51080" />
    <SessionFlag N="x-responsebodytransferlength" V="1,286" />
    <SessionFlag N="x-clientport" V="51079" />
    <SessionFlag N="x-clientip" V="127.0.0.1" />
    <SessionFlag N="ui-oldcolor" V="WindowText" />
    <SessionFlag N="x-serversocket" V="REUSE ServerPipe#12" />
    <SessionFlag N="x-hostip" V="2606:4700::6812:6528" />
    <SessionFlag N="x-processinfo" V="chrome:10524" />
  </SessionFlags>
</Session>