﻿<?xml version="1.0" encoding="utf-8"?>
<Session SID="52" BitFlags="40019">
  <SessionTimers ClientConnected="2022-11-12T20:18:22.8353896+01:00" ClientBeginRequest="2022-11-12T20:18:22.8743668+01:00" GotRequestHeaders="2022-11-12T20:18:22.8753664+01:00" ClientDoneRequest="2022-11-12T20:18:22.8753664+01:00" GatewayTime="0" DNSTime="0" TCPConnectTime="0" HTTPSHandshakeTime="0" ServerConnected="2022-11-12T20:18:22.8513813+01:00" FiddlerBeginRequest="2022-11-12T20:18:22.8753664+01:00" ServerGotRequest="2022-11-12T20:18:22.8753664+01:00" ServerBeginResponse="2022-11-12T20:18:23.3166418+01:00" GotResponseHeaders="2022-11-12T20:18:23.3166418+01:00" ServerDoneResponse="2022-11-12T20:19:17.3400076+01:00" ClientBeginResponse="2022-11-12T20:19:17.3400076+01:00" ClientDoneResponse="2022-11-12T20:19:17.3400076+01:00" />
  <PipeInfo CltReuse="true" Reused="true" />
  <SessionFlags>
    <SessionFlag N="x-egressport" V="51110" />
    <SessionFlag N="x-responsebodytransferlength" V="0" />
    <SessionFlag N="x-clientport" V="51109" />
    <SessionFlag N="ui-bold" V="user-marked" />
    <SessionFlag N="x-clientip" V="127.0.0.1" />
    <SessionFlag N="ui-oldcolor" V="WindowText" />
    <SessionFlag N="x-serversocket" V="REUSE ServerPipe#51" />
    <SessionFlag N="x-hostip" V="2606:4700::6813:f253" />
    <SessionFlag N="ui-color" V="Blue" />
    <SessionFlag N="x-processinfo" V="chrome:10524" />
  </SessionFlags>
</Session>