﻿<?xml version="1.0" encoding="utf-8"?>
<Session SID="63" BitFlags="40019">
  <SessionTimers ClientConnected="2022-11-12T20:18:24.0151181+01:00" ClientBeginRequest="2022-11-12T20:18:24.0504558+01:00" GotRequestHeaders="2022-11-12T20:18:24.0514555+01:00" ClientDoneRequest="2022-11-12T20:18:24.0514555+01:00" GatewayTime="0" DNSTime="0" TCPConnectTime="0" HTTPSHandshakeTime="0" ServerConnected="2022-11-12T20:18:24.0291305+01:00" FiddlerBeginRequest="2022-11-12T20:18:24.0514555+01:00" ServerGotRequest="2022-11-12T20:18:24.0514555+01:00" ServerBeginResponse="2022-11-12T20:18:24.375675+01:00" GotResponseHeaders="2022-11-12T20:18:24.375675+01:00" ServerDoneResponse="2022-11-12T20:19:17.3400076+01:00" ClientBeginResponse="2022-11-12T20:19:17.3400076+01:00" ClientDoneResponse="2022-11-12T20:19:17.3400076+01:00" />
  <PipeInfo CltReuse="true" Reused="true" />
  <SessionFlags>
    <SessionFlag N="x-egressport" V="51114" />
    <SessionFlag N="x-responsebodytransferlength" V="0" />
    <SessionFlag N="x-clientport" V="51113" />
    <SessionFlag N="ui-bold" V="user-marked" />
    <SessionFlag N="x-clientip" V="127.0.0.1" />
    <SessionFlag N="ui-oldcolor" V="WindowText" />
    <SessionFlag N="x-serversocket" V="REUSE ServerPipe#61" />
    <SessionFlag N="x-hostip" V="18.164.52.49" />
    <SessionFlag N="ui-color" V="Blue" />
    <SessionFlag N="x-processinfo" V="chrome:10524" />
  </SessionFlags>
</Session>