﻿<?xml version="1.0" encoding="utf-8"?>
<Session SID="28" BitFlags="59">
  <SessionTimers ClientConnected="2022-11-29T17:00:42.9623376+01:00" ClientBeginRequest="2022-11-29T17:00:43.1599879+01:00" GotRequestHeaders="2022-11-29T17:00:43.1599879+01:00" ClientDoneRequest="2022-11-29T17:00:43.1599879+01:00" GatewayTime="0" DNSTime="0" TCPConnectTime="0" HTTPSHandshakeTime="0" ServerConnected="2022-11-29T17:00:42.9816577+01:00" FiddlerBeginRequest="2022-11-29T17:00:43.1609893+01:00" ServerGotRequest="2022-11-29T17:00:43.1609893+01:00" ServerBeginResponse="2022-11-29T17:00:43.3827603+01:00" GotResponseHeaders="2022-11-29T17:00:43.3827603+01:00" ServerDoneResponse="2022-11-29T17:00:43.3827603+01:00" ClientBeginResponse="2022-11-29T17:00:43.3827603+01:00" ClientDoneResponse="2022-11-29T17:00:43.3827603+01:00" />
  <PipeInfo Streamed="true" CltReuse="true" Reused="true" />
  <SessionFlags>
    <SessionFlag N="x-egressport" V="61412" />
    <SessionFlag N="x-responsebodytransferlength" V="0" />
    <SessionFlag N="x-clientport" V="61410" />
    <SessionFlag N="x-clientip" V="127.0.0.1" />
    <SessionFlag N="x-serversocket" V="REUSE ServerPipe#26" />
    <SessionFlag N="x-hostip" V="34.120.208.123" />
    <SessionFlag N="x-processinfo" V="pingsender:5804" />
  </SessionFlags>
</Session>