﻿<?xml version="1.0" encoding="utf-8"?>
<Session SID="35" BitFlags="40019">
  <SessionTimers ClientConnected="2022-11-29T17:00:43.9862077+01:00" ClientBeginRequest="2022-11-29T17:00:44.4062999+01:00" GotRequestHeaders="2022-11-29T17:00:44.4062999+01:00" ClientDoneRequest="2022-11-29T17:00:44.4062999+01:00" GatewayTime="0" DNSTime="0" TCPConnectTime="0" HTTPSHandshakeTime="0" ServerConnected="2022-11-29T17:00:44.0981692+01:00" FiddlerBeginRequest="2022-11-29T17:00:44.4062999+01:00" ServerGotRequest="2022-11-29T17:00:44.4062999+01:00" ServerBeginResponse="2022-11-29T17:00:44.5031247+01:00" GotResponseHeaders="2022-11-29T17:00:44.5031247+01:00" ServerDoneResponse="2022-11-29T17:00:44.5041096+01:00" ClientBeginResponse="2022-11-29T17:00:44.5041096+01:00" ClientDoneResponse="2022-11-29T17:00:44.5041096+01:00" />
  <PipeInfo CltReuse="true" Reused="true" />
  <SessionFlags>
    <SessionFlag N="x-egressport" V="61417" />
    <SessionFlag N="x-responsebodytransferlength" V="0" />
    <SessionFlag N="x-clientport" V="61416" />
    <SessionFlag N="x-clientip" V="127.0.0.1" />
    <SessionFlag N="x-serversocket" V="REUSE ServerPipe#32" />
    <SessionFlag N="x-hostip" V="140.82.112.26" />
    <SessionFlag N="x-processinfo" V="chrome:9492" />
  </SessionFlags>
</Session>