﻿<?xml version="1.0" encoding="utf-8"?>
<Session SID="44" BitFlags="59">
  <SessionTimers ClientConnected="2022-11-29T17:00:44.6877987+01:00" ClientBeginRequest="2022-11-29T17:00:44.7725279+01:00" GotRequestHeaders="2022-11-29T17:00:44.7725279+01:00" ClientDoneRequest="2022-11-29T17:00:44.7725279+01:00" GatewayTime="0" DNSTime="0" TCPConnectTime="0" HTTPSHandshakeTime="0" ServerConnected="2022-11-29T17:00:44.715458+01:00" FiddlerBeginRequest="2022-11-29T17:00:44.7725279+01:00" ServerGotRequest="2022-11-29T17:00:44.7725279+01:00" ServerBeginResponse="2022-11-29T17:00:44.9802059+01:00" GotResponseHeaders="2022-11-29T17:00:44.9831956+01:00" ServerDoneResponse="2022-11-29T17:00:44.9831956+01:00" ClientBeginResponse="2022-11-29T17:00:44.9831956+01:00" ClientDoneResponse="2022-11-29T17:00:44.9831956+01:00" />
  <PipeInfo Streamed="true" CltReuse="true" Reused="true" />
  <SessionFlags>
    <SessionFlag N="x-egressport" V="61431" />
    <SessionFlag N="x-responsebodytransferlength" V="1,068" />
    <SessionFlag N="x-clientport" V="61427" />
    <SessionFlag N="x-clientip" V="127.0.0.1" />
    <SessionFlag N="x-serversocket" V="REUSE ServerPipe#42" />
    <SessionFlag N="x-hostip" V="140.82.121.4" />
    <SessionFlag N="x-processinfo" V="chrome:9492" />
  </SessionFlags>
</Session>