﻿<?xml version="1.0" encoding="utf-8"?>
<Session SID="45" BitFlags="59">
  <SessionTimers ClientConnected="2022-11-29T17:00:44.6868153+01:00" ClientBeginRequest="2022-11-29T17:00:44.7781697+01:00" GotRequestHeaders="2022-11-29T17:00:44.7781697+01:00" ClientDoneRequest="2022-11-29T17:00:44.7781697+01:00" GatewayTime="0" DNSTime="0" TCPConnectTime="0" HTTPSHandshakeTime="0" ServerConnected="2022-11-29T17:00:44.7164693+01:00" FiddlerBeginRequest="2022-11-29T17:00:44.7781697+01:00" ServerGotRequest="2022-11-29T17:00:44.7781697+01:00" ServerBeginResponse="2022-11-29T17:00:45.5998962+01:00" GotResponseHeaders="2022-11-29T17:00:45.6009918+01:00" ServerDoneResponse="2022-11-29T17:00:45.6009918+01:00" ClientBeginResponse="2022-11-29T17:00:45.6009918+01:00" ClientDoneResponse="2022-11-29T17:00:45.6009918+01:00" />
  <PipeInfo Streamed="true" CltReuse="true" Reused="true" />
  <SessionFlags>
    <SessionFlag N="x-egressport" V="61429" />
    <SessionFlag N="x-responsebodytransferlength" V="4,322" />
    <SessionFlag N="x-clientport" V="61425" />
    <SessionFlag N="x-clientip" V="127.0.0.1" />
    <SessionFlag N="x-serversocket" V="REUSE ServerPipe#40" />
    <SessionFlag N="x-hostip" V="140.82.121.4" />
    <SessionFlag N="x-processinfo" V="chrome:9492" />
  </SessionFlags>
</Session>