﻿<?xml version="1.0" encoding="utf-8"?>
<Session SID="31" BitFlags="19">
  <SessionTimers ClientConnected="2022-12-19T18:35:22.9584068+01:00" ClientBeginRequest="2022-12-19T18:35:27.524219+01:00" GotRequestHeaders="2022-12-19T18:35:27.524219+01:00" ClientDoneRequest="2022-12-19T18:35:27.524219+01:00" GatewayTime="0" DNSTime="0" TCPConnectTime="0" HTTPSHandshakeTime="0" ServerConnected="2022-12-19T18:35:22.9785228+01:00" FiddlerBeginRequest="2022-12-19T18:35:27.524219+01:00" ServerGotRequest="2022-12-19T18:35:27.524219+01:00" ServerBeginResponse="2022-12-19T18:35:27.8505622+01:00" GotResponseHeaders="2022-12-19T18:35:27.8505622+01:00" ServerDoneResponse="2022-12-19T18:35:27.8710741+01:00" ClientBeginResponse="2022-12-19T18:35:27.8876995+01:00" ClientDoneResponse="2022-12-19T18:35:27.8876995+01:00" />
  <PipeInfo CltReuse="true" Reused="true" />
  <SessionFlags>
    <SessionFlag N="x-egressport" V="53754" />
    <SessionFlag N="x-responsebodytransferlength" V="47,869" />
    <SessionFlag N="x-clientport" V="53752" />
    <SessionFlag N="x-clientip" V="127.0.0.1" />
    <SessionFlag N="x-serversocket" V="REUSE ServerPipe#6" />
    <SessionFlag N="x-hostip" V="104.18.100.40" />
    <SessionFlag N="x-processinfo" V="msedge:17596" />
  </SessionFlags>
</Session>