﻿<?xml version="1.0" encoding="utf-8"?>
<Session SID="16" BitFlags="19">
  <SessionTimers ClientConnected="2022-12-21T00:04:07.7905026+01:00" ClientBeginRequest="2022-12-21T00:04:07.8395+01:00" GotRequestHeaders="2022-12-21T00:04:07.8405181+01:00" ClientDoneRequest="2022-12-21T00:04:07.8405181+01:00" GatewayTime="0" DNSTime="0" TCPConnectTime="0" HTTPSHandshakeTime="0" ServerConnected="2022-12-21T00:04:07.8095026+01:00" FiddlerBeginRequest="2022-12-21T00:04:07.8405181+01:00" ServerGotRequest="2022-12-21T00:04:07.8405181+01:00" ServerBeginResponse="2022-12-21T00:04:08.3505053+01:00" GotResponseHeaders="2022-12-21T00:04:08.3515002+01:00" ServerDoneResponse="2022-12-21T00:04:08.3724714+01:00" ClientBeginResponse="2022-12-21T00:04:08.3884751+01:00" ClientDoneResponse="2022-12-21T00:04:08.3884751+01:00" />
  <PipeInfo CltReuse="true" Reused="true" />
  <SessionFlags>
    <SessionFlag N="x-egressport" V="56015" />
    <SessionFlag N="x-responsebodytransferlength" V="38,286" />
    <SessionFlag N="x-clientport" V="56014" />
    <SessionFlag N="x-clientip" V="127.0.0.1" />
    <SessionFlag N="x-serversocket" V="REUSE ServerPipe#15" />
    <SessionFlag N="x-hostip" V="104.18.100.40" />
    <SessionFlag N="x-processinfo" V="python:16040" />
  </SessionFlags>
</Session>