﻿<?xml version="1.0" encoding="utf-8"?>
<Session SID="18" BitFlags="19">
  <SessionTimers ClientConnected="2022-12-21T00:04:08.4044717+01:00" ClientBeginRequest="2022-12-21T00:04:08.4445046+01:00" GotRequestHeaders="2022-12-21T00:04:08.4455051+01:00" ClientDoneRequest="2022-12-21T00:04:08.4455051+01:00" GatewayTime="0" DNSTime="0" TCPConnectTime="0" HTTPSHandshakeTime="0" ServerConnected="2022-12-21T00:04:08.4214737+01:00" FiddlerBeginRequest="2022-12-21T00:04:08.4455051+01:00" ServerGotRequest="2022-12-21T00:04:08.4455051+01:00" ServerBeginResponse="2022-12-21T00:04:08.7090567+01:00" GotResponseHeaders="2022-12-21T00:04:08.710055+01:00" ServerDoneResponse="2022-12-21T00:04:08.7110564+01:00" ClientBeginResponse="2022-12-21T00:04:08.7280852+01:00" ClientDoneResponse="2022-12-21T00:04:08.7280852+01:00" />
  <PipeInfo CltReuse="true" Reused="true" />
  <SessionFlags>
    <SessionFlag N="x-egressport" V="56017" />
    <SessionFlag N="x-responsebodytransferlength" V="1,179" />
    <SessionFlag N="x-clientport" V="56016" />
    <SessionFlag N="x-clientip" V="127.0.0.1" />
    <SessionFlag N="x-serversocket" V="REUSE ServerPipe#17" />
    <SessionFlag N="x-hostip" V="104.18.100.40" />
    <SessionFlag N="x-processinfo" V="python:16040" />
  </SessionFlags>
</Session>