﻿<?xml version="1.0" encoding="utf-8"?>
<Session SID="20" BitFlags="19">
  <SessionTimers ClientConnected="2022-12-21T00:04:08.7350577+01:00" ClientBeginRequest="2022-12-21T00:04:08.806092+01:00" GotRequestHeaders="2022-12-21T00:04:08.806092+01:00" ClientDoneRequest="2022-12-21T00:04:08.806092+01:00" GatewayTime="0" DNSTime="0" TCPConnectTime="0" HTTPSHandshakeTime="0" ServerConnected="2022-12-21T00:04:08.752096+01:00" FiddlerBeginRequest="2022-12-21T00:04:08.8070572+01:00" ServerGotRequest="2022-12-21T00:04:08.8070572+01:00" ServerBeginResponse="2022-12-21T00:04:09.060063+01:00" GotResponseHeaders="2022-12-21T00:04:09.060063+01:00" ServerDoneResponse="2022-12-21T00:04:09.060063+01:00" ClientBeginResponse="2022-12-21T00:04:09.060063+01:00" ClientDoneResponse="2022-12-21T00:04:09.060063+01:00" />
  <PipeInfo CltReuse="true" Reused="true" />
  <SessionFlags>
    <SessionFlag N="x-egressport" V="56020" />
    <SessionFlag N="x-responsebodytransferlength" V="1,630" />
    <SessionFlag N="x-clientport" V="56019" />
    <SessionFlag N="x-clientip" V="127.0.0.1" />
    <SessionFlag N="x-serversocket" V="REUSE ServerPipe#19" />
    <SessionFlag N="x-hostip" V="108.157.109.7" />
    <SessionFlag N="x-processinfo" V="python:16040" />
  </SessionFlags>
</Session>