﻿<?xml version="1.0" encoding="utf-8"?>
<Session SID="24" BitFlags="40019">
  <SessionTimers ClientConnected="2022-12-21T00:04:16.3279807+01:00" ClientBeginRequest="2022-12-21T00:04:16.3969924+01:00" GotRequestHeaders="2022-12-21T00:04:16.3969924+01:00" ClientDoneRequest="2022-12-21T00:04:16.3979839+01:00" GatewayTime="0" DNSTime="0" TCPConnectTime="0" HTTPSHandshakeTime="0" ServerConnected="2022-12-21T00:04:16.3450585+01:00" FiddlerBeginRequest="2022-12-21T00:04:16.3979839+01:00" ServerGotRequest="2022-12-21T00:04:16.3979839+01:00" ServerBeginResponse="2022-12-21T00:04:16.9169882+01:00" GotResponseHeaders="2022-12-21T00:04:16.9169882+01:00" ServerDoneResponse="2022-12-21T00:04:41.2900707+01:00" ClientBeginResponse="2022-12-21T00:04:41.2900707+01:00" ClientDoneResponse="2022-12-21T00:04:41.2900707+01:00" />
  <PipeInfo CltReuse="true" Reused="true" />
  <SessionFlags>
    <SessionFlag N="x-egressport" V="56029" />
    <SessionFlag N="x-responsebodytransferlength" V="0" />
    <SessionFlag N="x-clientport" V="56028" />
    <SessionFlag N="x-clientip" V="127.0.0.1" />
    <SessionFlag N="x-serversocket" V="REUSE ServerPipe#23" />
    <SessionFlag N="x-hostip" V="104.19.242.83" />
    <SessionFlag N="x-processinfo" V="python:16040" />
  </SessionFlags>
</Session>