﻿<?xml version="1.0" encoding="utf-8"?>
<Session SID="49" BitFlags="219">
  <SessionTimers ClientConnected="2022-12-20T00:09:24.5375563+01:00" ClientBeginRequest="2022-12-20T00:10:13.8935276+01:00" GotRequestHeaders="2022-12-20T00:10:13.8935276+01:00" ClientDoneRequest="2022-12-20T00:10:13.8935276+01:00" GatewayTime="0" DNSTime="0" TCPConnectTime="0" HTTPSHandshakeTime="0" ServerConnected="2022-12-20T00:09:24.6565567+01:00" FiddlerBeginRequest="2022-12-20T00:10:13.8935276+01:00" ServerGotRequest="2022-12-20T00:10:13.8935276+01:00" ServerBeginResponse="2022-12-20T00:10:14.542343+01:00" GotResponseHeaders="2022-12-20T00:10:14.5432409+01:00" ServerDoneResponse="2022-12-20T00:10:14.5733449+01:00" ClientBeginResponse="2022-12-20T00:10:14.5892695+01:00" ClientDoneResponse="2022-12-20T00:10:14.5892695+01:00" />
  <PipeInfo CltReuse="true" Reused="true" />
  <SessionFlags>
    <SessionFlag N="x-egressport" V="55953" />
    <SessionFlag N="x-responsebodytransferlength" V="34,149" />
    <SessionFlag N="ui-oldcolor" V="Blue" />
    <SessionFlag N="x-clientip" V="127.0.0.1" />
    <SessionFlag N="ui-comments" V="[#44]" />
    <SessionFlag N="x-serversocket" V="REUSE ServerPipe#16" />
    <SessionFlag N="x-hostip" V="104.18.101.40" />
    <SessionFlag N="x-processinfo" V="msedge:16176" />
    <SessionFlag N="x-clientport" V="55952" />
  </SessionFlags>
</Session>