﻿<?xml version="1.0" encoding="utf-8"?>
<Session SID="50" BitFlags="40219">
  <SessionTimers ClientConnected="2022-12-20T00:10:15.0671064+01:00" ClientBeginRequest="2022-12-20T00:10:15.0984057+01:00" GotRequestHeaders="2022-12-20T00:10:15.0984057+01:00" ClientDoneRequest="2022-12-20T00:10:15.0984057+01:00" GatewayTime="0" DNSTime="0" TCPConnectTime="0" HTTPSHandshakeTime="0" ServerConnected="2022-12-20T00:10:15.0724174+01:00" FiddlerBeginRequest="2022-12-20T00:10:15.0984057+01:00" ServerGotRequest="2022-12-20T00:10:15.0984057+01:00" ServerBeginResponse="2022-12-20T00:10:15.6822019+01:00" GotResponseHeaders="2022-12-20T00:10:15.6822019+01:00" ServerDoneResponse="2022-12-20T00:10:15.6822019+01:00" ClientBeginResponse="2022-12-20T00:10:15.6822019+01:00" ClientDoneResponse="2022-12-20T00:10:15.6822019+01:00" />
  <PipeInfo CltReuse="true" Reused="true" />
  <SessionFlags>
    <SessionFlag N="x-egressport" V="55997" />
    <SessionFlag N="x-responsebodytransferlength" V="0" />
    <SessionFlag N="ui-oldcolor" V="WindowText" />
    <SessionFlag N="x-clientip" V="127.0.0.1" />
    <SessionFlag N="ui-comments" V="[#78]" />
    <SessionFlag N="x-serversocket" V="REUSE ServerPipe#74" />
    <SessionFlag N="x-hostip" V="104.19.241.83" />
    <SessionFlag N="x-processinfo" V="msedge:16176" />
    <SessionFlag N="x-clientport" V="55996" />
  </SessionFlags>
</Session>