﻿<?xml version="1.0" encoding="utf-8"?>
<Session SID="51" BitFlags="219">
  <SessionTimers ClientConnected="2022-12-20T00:07:54.0440786+01:00" ClientBeginRequest="2022-12-20T00:10:15.7087415+01:00" GotRequestHeaders="2022-12-20T00:10:15.7088392+01:00" ClientDoneRequest="2022-12-20T00:10:15.7088877+01:00" GatewayTime="0" DNSTime="0" TCPConnectTime="0" HTTPSHandshakeTime="0" ServerConnected="2022-12-20T00:09:24.6355547+01:00" FiddlerBeginRequest="2022-12-20T00:10:15.7089373+01:00" ServerGotRequest="2022-12-20T00:10:15.7090363+01:00" ServerBeginResponse="2022-12-20T00:10:16.0225452+01:00" GotResponseHeaders="2022-12-20T00:10:16.0225452+01:00" ServerDoneResponse="2022-12-20T00:10:16.0225452+01:00" ClientBeginResponse="2022-12-20T00:10:16.0422426+01:00" ClientDoneResponse="2022-12-20T00:10:16.0422426+01:00" />
  <PipeInfo CltReuse="true" Reused="true" />
  <SessionFlags>
    <SessionFlag N="x-egressport" V="55949" />
    <SessionFlag N="x-responsebodytransferlength" V="1,233" />
    <SessionFlag N="ui-oldcolor" V="WindowText" />
    <SessionFlag N="x-clientip" V="127.0.0.1" />
    <SessionFlag N="ui-comments" V="[#83]" />
    <SessionFlag N="x-serversocket" V="REUSE ServerPipe#13" />
    <SessionFlag N="x-hostip" V="104.18.101.40" />
    <SessionFlag N="x-processinfo" V="msedge:16176" />
    <SessionFlag N="x-clientport" V="55789" />
  </SessionFlags>
</Session>