﻿<?xml version="1.0" encoding="utf-8"?>
<Session SID="1" BitFlags="181">
  <SessionTimers ClientConnected="2022-12-16T18:27:33.117589+01:00" ClientBeginRequest="2022-12-16T18:27:33.1185882+01:00" GotRequestHeaders="2022-12-16T18:27:33.1185882+01:00" ClientDoneRequest="2022-12-16T18:27:33.1185882+01:00" GatewayTime="0" DNSTime="100" TCPConnectTime="106" HTTPSHandshakeTime="111" ServerConnected="2022-12-16T18:27:33.3304669+01:00" FiddlerBeginRequest="0001-01-01T00:00:00" ServerGotRequest="0001-01-01T00:00:00" ServerBeginResponse="0001-01-01T00:00:00" GotResponseHeaders="0001-01-01T00:00:00" ServerDoneResponse="0001-01-01T00:00:00" ClientBeginResponse="2022-12-16T18:27:33.4683875+01:00" ClientDoneResponse="2022-12-16T18:27:33.4683875+01:00" />
  <PipeInfo Streamed="true" />
  <SessionFlags>
    <SessionFlag N="x-failsession-when" V="SendingRequest" />
    <SessionFlag N="x-autoauth" V="(default)" />
    <SessionFlag N="x-clientport" V="0" />
    <SessionFlag N="x-clientip" V="" />
    <SessionFlag N="x-builder-maxredir" V="3" />
    <SessionFlag N="x-hostip" V="50.56.19.116" />
    <SessionFlag N="x-aborted-when" V="SendingRequest" />
  </SessionFlags>
</Session>