﻿<?xml version="1.0" encoding="utf-8"?>
<Session SID="2" BitFlags="219">
  <SessionTimers ClientConnected="2022-12-16T17:37:29.4100597+01:00" ClientBeginRequest="2022-12-16T17:37:31.7413735+01:00" GotRequestHeaders="2022-12-16T17:37:31.7413735+01:00" ClientDoneRequest="2022-12-16T17:37:31.7413735+01:00" GatewayTime="0" DNSTime="0" TCPConnectTime="0" HTTPSHandshakeTime="0" ServerConnected="2022-12-16T17:37:29.4180887+01:00" FiddlerBeginRequest="2022-12-16T17:37:31.7413735+01:00" ServerGotRequest="2022-12-16T17:37:31.7413735+01:00" ServerBeginResponse="2022-12-16T17:37:31.9053618+01:00" GotResponseHeaders="2022-12-16T17:37:31.9063558+01:00" ServerDoneResponse="2022-12-16T17:37:31.9113493+01:00" ClientBeginResponse="2022-12-16T17:37:31.9273412+01:00" ClientDoneResponse="2022-12-16T17:37:31.9273412+01:00" />
  <PipeInfo CltReuse="true" Reused="true" />
  <SessionFlags>
    <SessionFlag N="x-egressport" V="61695" />
    <SessionFlag N="x-responsebodytransferlength" V="10,903" />
    <SessionFlag N="x-clientport" V="61694" />
    <SessionFlag N="ui-backcolor" V="Yellow" />
    <SessionFlag N="x-clientip" V="127.0.0.1" />
    <SessionFlag N="ui-oldcolor" V="Blue" />
    <SessionFlag N="x-serversocket" V="REUSE ServerPipe#36" />
    <SessionFlag N="x-hostip" V="104.18.100.40" />
    <SessionFlag N="x-processinfo" V="msedge:14220" />
    <SessionFlag N="ui-comments" V="[#68]" />
  </SessionFlags>
</Session>