﻿<?xml version="1.0" encoding="utf-8"?>
<Session SID="155" BitFlags="59">
  <SessionTimers ClientConnected="2022-11-08T18:44:38.2268306+01:00" ClientBeginRequest="2022-11-08T18:44:39.2621299+01:00" GotRequestHeaders="2022-11-08T18:44:39.2621299+01:00" ClientDoneRequest="2022-11-08T18:44:39.2621299+01:00" GatewayTime="0" DNSTime="0" TCPConnectTime="0" HTTPSHandshakeTime="0" ServerConnected="2022-11-08T18:44:38.2724489+01:00" FiddlerBeginRequest="2022-11-08T18:44:39.2621299+01:00" ServerGotRequest="2022-11-08T18:44:39.2621299+01:00" ServerBeginResponse="2022-11-08T18:44:39.5775022+01:00" GotResponseHeaders="2022-11-08T18:44:39.580407+01:00" ServerDoneResponse="2022-11-08T18:44:39.580407+01:00" ClientBeginResponse="2022-11-08T18:44:39.580407+01:00" ClientDoneResponse="2022-11-08T18:44:39.580407+01:00" />
  <PipeInfo Streamed="true" CltReuse="true" Reused="true" />
  <SessionFlags>
    <SessionFlag N="x-egressport" V="57446" />
    <SessionFlag N="x-responsebodytransferlength" V="16" />
    <SessionFlag N="x-clientport" V="57444" />
    <SessionFlag N="x-clientip" V="127.0.0.1" />
    <SessionFlag N="x-serversocket" V="REUSE ServerPipe#88" />
    <SessionFlag N="x-hostip" V="2606:4700::6812:6528" />
    <SessionFlag N="x-processinfo" V="chrome:3492" />
  </SessionFlags>
</Session>