﻿<?xml version="1.0" encoding="utf-8"?>
<Session SID="21" BitFlags="80">
  <SessionTimers ClientConnected="2022-11-16T20:13:00.0601835+01:00" ClientBeginRequest="2022-11-16T20:13:00.0621661+01:00" GotRequestHeaders="2022-11-16T20:13:00.0621661+01:00" ClientDoneRequest="2022-11-16T20:13:00.0621661+01:00" GatewayTime="0" DNSTime="17" TCPConnectTime="90" HTTPSHandshakeTime="0" ServerConnected="2022-11-16T20:13:00.1699753+01:00" FiddlerBeginRequest="2022-11-16T20:13:00.1699753+01:00" ServerGotRequest="2022-11-16T20:13:00.1699753+01:00" ServerBeginResponse="2022-11-16T20:13:00.2616007+01:00" GotResponseHeaders="2022-11-16T20:13:00.2625996+01:00" ServerDoneResponse="2022-11-16T20:13:00.2625996+01:00" ClientBeginResponse="2022-11-16T20:13:00.2625996+01:00" ClientDoneResponse="2022-11-16T20:13:00.2625996+01:00" />
  <PipeInfo />
  <SessionFlags>
    <SessionFlag N="x-responsebodytransferlength" V="1,256" />
    <SessionFlag N="x-egressport" V="57256" />
    <SessionFlag N="ui-hide" V="StatusBar&gt;ProcessFilter" />
    <SessionFlag N="x-clientport" V="0" />
    <SessionFlag N="x-clientip" V="" />
    <SessionFlag N="x-builder-maxredir" V="10" />
    <SessionFlag N="x-from-builder" V="Parsed" />
    <SessionFlag N="x-hostip" V="2606:2800:220:1:248:1893:25c8:1946" />
    <SessionFlag N="x-processinfo" V="fiddler:15468" />
  </SessionFlags>
</Session>